what,kind,bundleId,bundleVersion,description,time
activated,view,org.eclipse.rse.ui,3.2.1.R33x_v201109141647,"org.eclipse.rse.ui.view.systemTableView",1321139562274
executed,command,org.eclipse.ui,3.7.0.I20110602-0100,"org.eclipse.ui.perspectives.showPerspective",1321139562326
executed,command,org.eclipse.ui,3.7.0.I20110602-0100,"org.eclipse.ui.perspectives.showPerspective",1321139562326
activated,workbench,org.eclipse.ui.workbench,3.7.0.I20110519-0100,"",1321139562346
activated,view,org.eclipse.rse.ui,3.2.1.R33x_v201109141647,"org.eclipse.rse.ui.view.systemView",1321139568027
deactivated,workbench,org.eclipse.ui.workbench,3.7.0.I20110519-0100,"",1321139577014
executed,command,org.eclipse.ui,3.7.0.I20110602-0100,"org.eclipse.ui.file.import",1321139586973
activated,workbench,org.eclipse.ui.workbench,3.7.0.I20110519-0100,"",1321139586989
activated,perspective,org.eclipse.cdt.ui,5.3.1.201109151620,"org.eclipse.cdt.ui.CPerspective",1321139587926
activated,view,org.eclipse.ui.navigator.resources,3.4.300.I20110421-1800,"org.eclipse.ui.navigator.ProjectExplorer",1321139587930
deactivated,workbench,org.eclipse.ui.workbench,3.7.0.I20110519-0100,"",1321139590851
executed,command,org.eclipse.ui,3.7.0.I20110602-0100,"org.eclipse.ui.edit.paste",1321139617962
started,bundle,org.eclipse.compare.core,3.5.200.I20110208-0800,"org.eclipse.compare.core",1321139619896
started,bundle,org.eclipse.compare,3.5.201.R37x_v20110817-0800,"org.eclipse.compare",1321139619900
executed,command,org.eclipse.ui,3.7.0.I20110602-0100,"org.eclipse.ui.file.import",1321139690827
activated,workbench,org.eclipse.ui.workbench,3.7.0.I20110519-0100,"",1321139690838
deactivated,workbench,org.eclipse.ui.workbench,3.7.0.I20110519-0100,"",1321139690840
activated,workbench,org.eclipse.ui.workbench,3.7.0.I20110519-0100,"",1321139693341
deactivated,workbench,org.eclipse.ui.workbench,3.7.0.I20110519-0100,"",1321139696226
activated,workbench,org.eclipse.ui.workbench,3.7.0.I20110519-0100,"",1321139785506
deactivated,workbench,org.eclipse.ui.workbench,3.7.0.I20110519-0100,"",1321139786409
activated,workbench,org.eclipse.ui.workbench,3.7.0.I20110519-0100,"",1321140432512
deactivated,workbench,org.eclipse.ui.workbench,3.7.0.I20110519-0100,"",1321140434895
activated,workbench,org.eclipse.ui.workbench,3.7.0.I20110519-0100,"",1321140607682
deactivated,workbench,org.eclipse.ui.workbench,3.7.0.I20110519-0100,"",1321140609392
activated,workbench,org.eclipse.ui.workbench,3.7.0.I20110519-0100,"",1321148362942
deactivated,workbench,org.eclipse.ui.workbench,3.7.0.I20110519-0100,"",1321148367008
executed,command,org.eclipse.ui,3.7.0.I20110602-0100,"org.eclipse.ui.edit.paste",1321148383142
executed,command,org.eclipse.ui,3.7.0.I20110602-0100,"org.eclipse.ui.file.import",1321148398387
activated,workbench,org.eclipse.ui.workbench,3.7.0.I20110519-0100,"",1321148398472
deactivated,workbench,org.eclipse.ui.workbench,3.7.0.I20110519-0100,"",1321148398473
activated,workbench,org.eclipse.ui.workbench,3.7.0.I20110519-0100,"",1321148399341
deactivated,workbench,org.eclipse.ui.workbench,3.7.0.I20110519-0100,"",1321148401130
activated,workbench,org.eclipse.ui.workbench,3.7.0.I20110519-0100,"",1321148412777
deactivated,workbench,org.eclipse.ui.workbench,3.7.0.I20110519-0100,"",1321148413351
activated,workbench,org.eclipse.ui.workbench,3.7.0.I20110519-0100,"",1321148414710
deactivated,workbench,org.eclipse.ui.workbench,3.7.0.I20110519-0100,"",1321148415919
activated,workbench,org.eclipse.ui.workbench,3.7.0.I20110519-0100,"",1321148475204
deactivated,workbench,org.eclipse.ui.workbench,3.7.0.I20110519-0100,"",1321148478279
executed,command,org.eclipse.ui,3.7.0.I20110602-0100,"org.eclipse.ui.edit.paste",1321148484286
executed,command,org.eclipse.ui,3.7.0.I20110602-0100,"org.eclipse.ui.edit.paste",1321148912695
executed,command,org.eclipse.ui,3.7.0.I20110602-0100,"org.eclipse.ui.file.import",1321148928783
activated,workbench,org.eclipse.ui.workbench,3.7.0.I20110519-0100,"",1321148928794
deactivated,workbench,org.eclipse.ui.workbench,3.7.0.I20110519-0100,"",1321148928795
activated,workbench,org.eclipse.ui.workbench,3.7.0.I20110519-0100,"",1321148929789
deactivated,workbench,org.eclipse.ui.workbench,3.7.0.I20110519-0100,"",1321148932093
executed,command,org.eclipse.ui,3.7.0.I20110602-0100,"org.eclipse.ui.edit.paste",1321148936399
executed,command,org.eclipse.ui,3.7.0.I20110602-0100,"org.eclipse.ui.file.import",1321148956978
activated,workbench,org.eclipse.ui.workbench,3.7.0.I20110519-0100,"",1321148956989
closed,workbench,org.eclipse.ui.workbench,3.7.0.I20110519-0100,"",1321148959246
stopped,bundle,org.eclipse.cdt.build.crossgcc,1.0.0.201109151620,"org.eclipse.cdt.build.crossgcc",1321148962331
stopped,bundle,org.eclipse.cdt.codan.checkers.ui,1.0.0.201109151620,"org.eclipse.cdt.codan.checkers.ui",1321148962332
stopped,bundle,org.eclipse.cdt.codan.checkers,1.0.0.201109151620,"org.eclipse.cdt.codan.checkers",1321148962335
stopped,bundle,org.eclipse.cdt.codan.ui.cxx,2.0.0.201109151620,"org.eclipse.cdt.codan.ui.cxx",1321148962336
stopped,bundle,org.eclipse.cdt.codan.core.cxx,1.0.0.201109151620,"org.eclipse.cdt.codan.core.cxx",1321148962336
stopped,bundle,org.eclipse.cdt.launch.remote,2.3.0.201109151620,"org.eclipse.cdt.launch.remote",1321148962336
stopped,bundle,org.eclipse.cdt.debug.mi.ui,6.1.0.201109151620,"org.eclipse.cdt.debug.mi.ui",1321148962336
stopped,bundle,org.eclipse.cdt.debug.mi.core,7.1.1.201109151620,"org.eclipse.cdt.debug.mi.core",1321148962336
stopped,bundle,org.eclipse.cdt.debug.ui.memory.memorybrowser,1.2.100.201109151620,"org.eclipse.cdt.debug.ui.memory.memorybrowser",1321148962336
stopped,bundle,org.eclipse.cdt.debug.ui.memory.search,1.2.0.201109151620,"org.eclipse.cdt.debug.ui.memory.search",1321148962340
stopped,bundle,org.eclipse.cdt.dsf.gdb.ui,2.2.1.201109151620,"org.eclipse.cdt.dsf.gdb.ui",1321148962340
stopped,bundle,org.eclipse.cdt.dsf.ui,2.2.0.201109151620,"org.eclipse.cdt.dsf.ui",1321148962340
stopped,bundle,org.eclipse.cdt.gdb.ui,7.0.0.201109151620,"org.eclipse.cdt.gdb.ui",1321148962340
stopped,bundle,org.eclipse.cdt.dsf.gdb,4.0.1.201109151620,"org.eclipse.cdt.dsf.gdb",1321148962340
stopped,bundle,org.eclipse.cdt.launch,7.0.0.201109151620,"org.eclipse.cdt.launch",1321148962340
stopped,bundle,org.eclipse.cdt.debug.ui,7.1.1.201109151620,"org.eclipse.cdt.debug.ui",1321148962341
stopped,bundle,org.eclipse.cdt.debug.ui.memory.traditional,1.2.0.201109151620,"org.eclipse.cdt.debug.ui.memory.traditional",1321148962341
stopped,bundle,org.eclipse.cdt.dsf,2.2.0.201109151620,"org.eclipse.cdt.dsf",1321148962341
stopped,bundle,org.eclipse.cdt.debug.core,7.1.0.201109151620,"org.eclipse.cdt.debug.core",1321148962341
stopped,bundle,org.eclipse.linuxtools.cdt.autotools.ui,1.0.1.201108301805,"org.eclipse.linuxtools.cdt.autotools.ui",1321148962341
stopped,bundle,org.eclipse.linuxtools.cdt.autotools.core,1.0.2.201108301805,"org.eclipse.linuxtools.cdt.autotools.core",1321148962341
stopped,bundle,org.eclipse.cdt.managedbuilder.ui,8.0.0.201109151620,"org.eclipse.cdt.managedbuilder.ui",1321148962341
stopped,bundle,org.eclipse.cdt.make.ui,7.1.1.201109151620,"org.eclipse.cdt.make.ui",1321148962342
stopped,bundle,org.eclipse.cdt.managedbuilder.gnu.ui,8.0.1.201109151620,"org.eclipse.cdt.managedbuilder.gnu.ui",1321148962342
stopped,bundle,org.eclipse.cdt.msw.build,1.0.0.201109151620,"org.eclipse.cdt.msw.build",1321148962342
stopped,bundle,org.eclipse.cdt.managedbuilder.core,8.0.1.201109151620,"org.eclipse.cdt.managedbuilder.core",1321148962345
stopped,bundle,org.eclipse.cdt.make.core,7.1.1.201109151620,"org.eclipse.cdt.make.core",1321148962345
stopped,bundle,org.eclipse.cdt.mylyn.ui,3.6.0.v20110608-1400,"org.eclipse.cdt.mylyn.ui",1321148962345
stopped,bundle,org.eclipse.cdt.codan.ui,2.0.0.201109151620,"org.eclipse.cdt.codan.ui",1321148962346
stopped,bundle,org.eclipse.cdt.ui,5.3.1.201109151620,"org.eclipse.cdt.ui",1321148962350
stopped,bundle,org.eclipse.cdt.core,5.3.1.201109151620,"org.eclipse.cdt.core",1321148962358
stopped,bundle,org.eclipse.egit.mylyn.ui,1.1.0.201109151100-r,"org.eclipse.egit.mylyn.ui",1321148962358
stopped,bundle,org.eclipse.egit.ui,1.1.0.201109151100-r,"org.eclipse.egit.ui",1321148962360
stopped,bundle,org.eclipse.equinox.p2.ui.sdk,1.0.200.v20110502-1955,"org.eclipse.equinox.p2.ui.sdk",1321148962363
stopped,bundle,org.eclipse.rse.importexport,1.2.200.v201105021534,"org.eclipse.rse.importexport",1321148962364
stopped,bundle,org.eclipse.rse.subsystems.shells.telnet,1.2.200.v201101042155,"org.eclipse.rse.subsystems.shells.telnet",1321148962364
stopped,bundle,org.eclipse.rse.shells.ui,3.0.301.R33x_v201107181530,"org.eclipse.rse.shells.ui",1321148962364
stopped,bundle,org.eclipse.rse.files.ui,3.2.1.R33x_v201109141647,"org.eclipse.rse.files.ui",1321148962364
stopped,bundle,org.eclipse.rse.processes.ui,3.0.300.v201101042155,"org.eclipse.rse.processes.ui",1321148962364
stopped,bundle,org.eclipse.search,3.7.0.v20110505-0800,"org.eclipse.search",1321148962370
stopped,bundle,org.eclipse.mylyn.commons.team,0.8.0.v20110608-1400,"org.eclipse.mylyn.commons.team",1321148962371
stopped,bundle,org.eclipse.mylyn.team.ui,3.6.1.v20110825-0100,"org.eclipse.mylyn.team.ui",1321148962371
stopped,bundle,org.eclipse.ui.navigator.resources,3.4.300.I20110421-1800,"org.eclipse.ui.navigator.resources",1321148962371
stopped,bundle,org.eclipse.ltk.ui.refactoring,3.6.0.v20110505-0800,"org.eclipse.ltk.ui.refactoring",1321148962371
stopped,bundle,org.eclipse.mylyn.bugzilla.ui,3.6.0.v20110608-1400,"org.eclipse.mylyn.bugzilla.ui",1321148962371
stopped,bundle,org.eclipse.mylyn.ide.ui,3.6.0.v20110608-1400,"org.eclipse.mylyn.ide.ui",1321148962371
stopped,bundle,org.eclipse.mylyn.resources.ui,3.6.0.v20110608-1400,"org.eclipse.mylyn.resources.ui",1321148962371
stopped,bundle,org.eclipse.mylyn.wikitext.tasks.ui,1.5.0.v20110608-1400,"org.eclipse.mylyn.wikitext.tasks.ui",1321148962371
stopped,bundle,org.eclipse.mylyn.context.ui,3.6.0.v20110608-1400,"org.eclipse.mylyn.context.ui",1321148962371
stopped,bundle,org.eclipse.mylyn.help.ui,3.6.1.v20110830-0100,"org.eclipse.mylyn.help.ui",1321148962371
stopped,bundle,org.eclipse.mylyn.tasks.bugs,3.6.1.v20110825-0100,"org.eclipse.mylyn.tasks.bugs",1321148962371
stopped,bundle,org.eclipse.mylyn.tasks.ui,3.6.2.v20110826-0100,"org.eclipse.mylyn.tasks.ui",1321148962371
stopped,bundle,org.eclipse.team.cvs.ui,3.3.400.I20110510-0800,"org.eclipse.team.cvs.ui",1321148962373
stopped,bundle,org.eclipse.team.ui,3.6.100.I20110525-0800,"org.eclipse.team.ui",1321148962374
stopped,bundle,org.eclipse.compare,3.5.201.R37x_v20110817-0800,"org.eclipse.compare",1321148962374
stopped,bundle,org.eclipse.cdt.debug.ui.memory.transport,2.1.0.201109151620,"org.eclipse.cdt.debug.ui.memory.transport",1321148962374
stopped,bundle,org.eclipse.ui.externaltools,3.2.0.v20110506,"org.eclipse.ui.externaltools",1321148962374
stopped,bundle,org.eclipse.debug.ui,3.7.101.v20110817_r371,"org.eclipse.debug.ui",1321148962374
stopped,bundle,org.eclipse.mylyn.wikitext.ui,1.5.0.v20110608-1400,"org.eclipse.mylyn.wikitext.ui",1321148962374
stopped,bundle,org.eclipse.rse.subsystems.files.dstore,2.1.201.R33x_v201109141647,"org.eclipse.rse.subsystems.files.dstore",1321148962374
stopped,bundle,org.eclipse.rse.subsystems.processes.dstore,2.1.300.v201101042155,"org.eclipse.rse.subsystems.processes.dstore",1321148962374
stopped,bundle,org.eclipse.rse.subsystems.shells.dstore,2.1.300.v201101042155,"org.eclipse.rse.subsystems.shells.dstore",1321148962374
stopped,bundle,org.eclipse.rse.connectorservice.dstore,3.1.200.v201103141607,"org.eclipse.rse.connectorservice.dstore",1321148962374
stopped,bundle,org.eclipse.rse.subsystems.files.local,2.1.200.v201101042155,"org.eclipse.rse.subsystems.files.local",1321148962374
stopped,bundle,org.eclipse.rse.subsystems.processes.local,2.1.300.v201101042155,"org.eclipse.rse.subsystems.processes.local",1321148962374
stopped,bundle,org.eclipse.rse.subsystems.shells.local,2.1.300.v201101042155,"org.eclipse.rse.subsystems.shells.local",1321148962374
stopped,bundle,org.eclipse.rse.connectorservice.local,2.1.300.v201101042155,"org.eclipse.rse.connectorservice.local",1321148962374
stopped,bundle,org.eclipse.rse.subsystems.files.ssh,2.1.200.v201101042155,"org.eclipse.rse.subsystems.files.ssh",1321148962374
stopped,bundle,org.eclipse.rse.subsystems.shells.ssh,2.1.300.v201101042155,"org.eclipse.rse.subsystems.shells.ssh",1321148962374
stopped,bundle,org.eclipse.rse.subsystems.terminals.ssh,1.0.100.v201101042155,"org.eclipse.rse.subsystems.terminals.ssh",1321148962374
stopped,bundle,org.eclipse.rse.connectorservice.ssh,2.1.200.v201101042155,"org.eclipse.rse.connectorservice.ssh",1321148962375
stopped,bundle,org.eclipse.rse.connectorservice.telnet,1.2.200.v201101042155,"org.eclipse.rse.connectorservice.telnet",1321148962375
stopped,bundle,org.eclipse.rse.dstore.security,3.0.300.v201103141607,"org.eclipse.rse.dstore.security",1321148962376
stopped,bundle,org.eclipse.rse.efs,2.1.300.v201101042155,"org.eclipse.rse.efs",1321148962376
stopped,bundle,org.eclipse.rse.subsystems.files.ftp,2.1.301.R33x_v201107212114,"org.eclipse.rse.subsystems.files.ftp",1321148962376
stopped,bundle,org.eclipse.rse.subsystems.shells.core,3.1.201.R33x_v201106281309,"org.eclipse.rse.subsystems.shells.core",1321148962376
stopped,bundle,org.eclipse.rse.subsystems.files.core,3.2.101.R33x_v201107181530,"org.eclipse.rse.subsystems.files.core",1321148962376
stopped,bundle,org.eclipse.rse.subsystems.processes.shell.linux,1.1.300.v201101042155,"org.eclipse.rse.subsystems.processes.shell.linux",1321148962376
stopped,bundle,org.eclipse.rse.subsystems.processes.core,3.1.200.v201101042155,"org.eclipse.rse.subsystems.processes.core",1321148962379
stopped,bundle,org.eclipse.rse.terminals.ui,1.1.0.v201101042155,"org.eclipse.rse.terminals.ui",1321148962379
stopped,bundle,org.eclipse.rse.ui,3.2.1.R33x_v201109141647,"org.eclipse.rse.ui",1321148962387
stopped,bundle,org.eclipse.ui.console,3.5.100.v20110511,"org.eclipse.ui.console",1321148962387
stopped,bundle,org.eclipse.mylyn.commons.ui,3.6.1.v20110720-0100,"org.eclipse.mylyn.commons.ui",1321148962387
stopped,bundle,org.eclipse.ui.editors,3.7.0.v20110517-0800,"org.eclipse.ui.editors",1321148962388
stopped,bundle,org.eclipse.ui.workbench.texteditor,3.7.0.v20110505-0800,"org.eclipse.ui.workbench.texteditor",1321148962388
stopped,bundle,org.eclipse.compare.core,3.5.200.I20110208-0800,"org.eclipse.compare.core",1321148962388
stopped,bundle,org.eclipse.rse.services.dstore,3.1.201.R33x_v201106291530,"org.eclipse.rse.services.dstore",1321148962388
stopped,bundle,org.eclipse.dstore.core,3.3.1.R33x_v201107181530,"org.eclipse.dstore.core",1321148962389
stopped,bundle,org.eclipse.dstore.extra,2.1.300.v201101042155,"org.eclipse.dstore.extra",1321148962389
stopped,bundle,org.eclipse.epp.mpc.ui,1.1.1.I20110907-0947,"org.eclipse.epp.mpc.ui",1321148962389
stopped,bundle,org.eclipse.epp.usagedata.ui,1.3.1.R201106061540,"org.eclipse.epp.usagedata.ui",1321148962390
activated,perspective,org.eclipse.cdt.ui,,"org.eclipse.cdt.ui.CPerspective",1321148998232
started,bundle,org.eclipse.osgi,3.7.1.R37x_v20110808-1106,"org.eclipse.osgi",1321148998234
started,bundle,org.eclipse.equinox.simpleconfigurator,1.0.200.v20110502-1955,"org.eclipse.equinox.simpleconfigurator",1321148998235
started,bundle,com.ibm.icu,4.4.2.v20110208,"com.ibm.icu",1321148998236
started,bundle,org.eclipse.cdt.codan.checkers,1.0.0.201109151620,"org.eclipse.cdt.codan.checkers",1321148998236
started,bundle,org.eclipse.cdt.codan.core,2.0.0.201109151620,"org.eclipse.cdt.codan.core",1321148998237
started,bundle,org.eclipse.cdt.codan.core.cxx,1.0.0.201109151620,"org.eclipse.cdt.codan.core.cxx",1321148998237
started,bundle,org.eclipse.cdt.codan.ui.cxx,2.0.0.201109151620,"org.eclipse.cdt.codan.ui.cxx",1321148998237
started,bundle,org.eclipse.cdt.core,5.3.1.201109151620,"org.eclipse.cdt.core",1321148998238
started,bundle,org.eclipse.cdt.make.core,7.1.1.201109151620,"org.eclipse.cdt.make.core",1321148998238
started,bundle,org.eclipse.cdt.make.ui,7.1.1.201109151620,"org.eclipse.cdt.make.ui",1321148998239
started,bundle,org.eclipse.cdt.managedbuilder.core,8.0.1.201109151620,"org.eclipse.cdt.managedbuilder.core",1321148998239
started,bundle,org.eclipse.cdt.ui,5.3.1.201109151620,"org.eclipse.cdt.ui",1321148998240
started,bundle,org.eclipse.core.contenttype,3.4.100.v20110423-0524,"org.eclipse.core.contenttype",1321148998241
started,bundle,org.eclipse.core.databinding.observable,1.4.0.I20110222-0800,"org.eclipse.core.databinding.observable",1321148998241
started,bundle,org.eclipse.core.expressions,3.4.300.v20110228,"org.eclipse.core.expressions",1321148998241
started,bundle,org.eclipse.core.filebuffers,3.5.200.v20110505-0800,"org.eclipse.core.filebuffers",1321148998242
started,bundle,org.eclipse.core.filesystem,1.3.100.v20110423-0524,"org.eclipse.core.filesystem",1321148998242
started,bundle,org.eclipse.core.jobs,3.5.100.v20110404,"org.eclipse.core.jobs",1321148998242
started,bundle,org.eclipse.core.net,1.2.100.I20110511-0800,"org.eclipse.core.net",1321148998243
started,bundle,org.eclipse.core.resources,3.7.100.v20110510-0712,"org.eclipse.core.resources",1321148998243
started,bundle,org.eclipse.core.runtime,3.7.0.v20110110,"org.eclipse.core.runtime",1321148998244
started,bundle,org.eclipse.core.runtime.compatibility,3.2.100.v20100505,"org.eclipse.core.runtime.compatibility",1321148998244
started,bundle,org.eclipse.core.runtime.compatibility.auth,3.2.200.v20110110,"org.eclipse.core.runtime.compatibility.auth",1321148998244
started,bundle,org.eclipse.egit.core,1.1.0.201109151100-r,"org.eclipse.egit.core",1321148998245
started,bundle,org.eclipse.egit.ui,1.1.0.201109151100-r,"org.eclipse.egit.ui",1321148998245
started,bundle,org.eclipse.epp.mpc.ui,1.1.1.I20110907-0947,"org.eclipse.epp.mpc.ui",1321148998246
started,bundle,org.eclipse.epp.usagedata.gathering,1.3.1.R201106061540,"org.eclipse.epp.usagedata.gathering",1321148998246
started,bundle,org.eclipse.epp.usagedata.recording,1.3.1.R201106061540,"org.eclipse.epp.usagedata.recording",1321148998246
started,bundle,org.eclipse.equinox.app,1.3.100.v20110321,"org.eclipse.equinox.app",1321148998247
started,bundle,org.eclipse.equinox.common,3.6.0.v20110523,"org.eclipse.equinox.common",1321148998247
started,bundle,org.eclipse.equinox.ds,1.3.1.R37x_v20110701,"org.eclipse.equinox.ds",1321148998247
started,bundle,org.eclipse.equinox.event,1.2.100.v20110502,"org.eclipse.equinox.event",1321148998248
started,bundle,org.eclipse.equinox.p2.core,2.1.0.v20110502-1955,"org.eclipse.equinox.p2.core",1321148998248
started,bundle,org.eclipse.equinox.p2.directorywatcher,1.0.300.v20110502-1955,"org.eclipse.equinox.p2.directorywatcher",1321148998248
started,bundle,org.eclipse.equinox.p2.engine,2.1.0.v20110511,"org.eclipse.equinox.p2.engine",1321148998249
started,bundle,org.eclipse.equinox.p2.metadata,2.1.0.v20110510,"org.eclipse.equinox.p2.metadata",1321148998249
started,bundle,org.eclipse.equinox.p2.metadata.repository,1.2.0.v20110511-1359,"org.eclipse.equinox.p2.metadata.repository",1321148998249
started,bundle,org.eclipse.equinox.p2.operations,2.1.0.v20110511-1821,"org.eclipse.equinox.p2.operations",1321148998250
started,bundle,org.eclipse.equinox.p2.reconciler.dropins,1.1.100.v20110510,"org.eclipse.equinox.p2.reconciler.dropins",1321148998250
started,bundle,org.eclipse.equinox.p2.repository,2.1.0.v20110601,"org.eclipse.equinox.p2.repository",1321148998250
started,bundle,org.eclipse.equinox.p2.ui.sdk.scheduler,1.0.100.v20110502-1955,"org.eclipse.equinox.p2.ui.sdk.scheduler",1321148998251
started,bundle,org.eclipse.equinox.p2.updatechecker,1.1.200.v20110502-1955,"org.eclipse.equinox.p2.updatechecker",1321148998251
started,bundle,org.eclipse.equinox.preferences,3.4.1.R37x_v20110725,"org.eclipse.equinox.preferences",1321148998251
started,bundle,org.eclipse.equinox.registry,3.5.101.R37x_v20110810-1611,"org.eclipse.equinox.registry",1321148998252
started,bundle,org.eclipse.equinox.security,1.1.1.R37x_v20110822-1018,"org.eclipse.equinox.security",1321148998252
started,bundle,org.eclipse.equinox.util,1.0.300.v20110502,"org.eclipse.equinox.util",1321148998261
started,bundle,org.eclipse.help,3.5.100.v20110426,"org.eclipse.help",1321148998262
started,bundle,org.eclipse.jface,3.7.0.I20110522-1430,"org.eclipse.jface",1321148998262
started,bundle,org.eclipse.jgit,1.1.0.201109151100-r,"org.eclipse.jgit",1321148998263
started,bundle,org.eclipse.jsch.core,1.1.300.I20110514-0800,"org.eclipse.jsch.core",1321148998263
started,bundle,org.eclipse.ltk.core.refactoring,3.5.201.r371_v20110824-0800,"org.eclipse.ltk.core.refactoring",1321148998263
started,bundle,org.eclipse.ltk.ui.refactoring,3.6.0.v20110505-0800,"org.eclipse.ltk.ui.refactoring",1321148998263
started,bundle,org.eclipse.mylyn.bugzilla.core,3.6.2.v20110903-0100,"org.eclipse.mylyn.bugzilla.core",1321148998264
started,bundle,org.eclipse.mylyn.bugzilla.ui,3.6.0.v20110608-1400,"org.eclipse.mylyn.bugzilla.ui",1321148998264
started,bundle,org.eclipse.mylyn.commons.identity,0.8.0.v20110608-1400,"org.eclipse.mylyn.commons.identity",1321148998265
started,bundle,org.eclipse.mylyn.commons.net,3.6.0.v20110608-1400,"org.eclipse.mylyn.commons.net",1321148998265
started,bundle,org.eclipse.mylyn.commons.ui,3.6.1.v20110720-0100,"org.eclipse.mylyn.commons.ui",1321148998265
started,bundle,org.eclipse.mylyn.context.core,3.6.1.v20110720-0100,"org.eclipse.mylyn.context.core",1321148998265
started,bundle,org.eclipse.mylyn.context.ui,3.6.0.v20110608-1400,"org.eclipse.mylyn.context.ui",1321148998266
started,bundle,org.eclipse.mylyn.monitor.ui,3.6.0.v20110608-1400,"org.eclipse.mylyn.monitor.ui",1321148998266
started,bundle,org.eclipse.mylyn.tasks.ui,3.6.2.v20110826-0100,"org.eclipse.mylyn.tasks.ui",1321148998267
started,bundle,org.eclipse.mylyn.team.ui,3.6.1.v20110825-0100,"org.eclipse.mylyn.team.ui",1321148998267
started,bundle,org.eclipse.search,3.7.0.v20110505-0800,"org.eclipse.search",1321148998267
started,bundle,org.eclipse.team.core,3.6.0.I20110525-0800,"org.eclipse.team.core",1321148998268
started,bundle,org.eclipse.team.cvs.core,3.3.400.I20110510-0800,"org.eclipse.team.cvs.core",1321148998268
started,bundle,org.eclipse.team.cvs.ui,3.3.400.I20110510-0800,"org.eclipse.team.cvs.ui",1321148998269
started,bundle,org.eclipse.team.ui,3.6.100.I20110525-0800,"org.eclipse.team.ui",1321148998269
started,bundle,org.eclipse.ui,3.7.0.I20110602-0100,"org.eclipse.ui",1321148998270
started,bundle,org.eclipse.ui.console,3.5.100.v20110511,"org.eclipse.ui.console",1321148998270
started,bundle,org.eclipse.ui.editors,3.7.0.v20110517-0800,"org.eclipse.ui.editors",1321148998271
started,bundle,org.eclipse.ui.forms,3.5.100.v20110425,"org.eclipse.ui.forms",1321148998271
started,bundle,org.eclipse.ui.ide,3.7.0.v20110809-1737,"org.eclipse.ui.ide",1321148998272
started,bundle,org.eclipse.ui.navigator,3.5.100.v20110809-2227,"org.eclipse.ui.navigator",1321148998273
started,bundle,org.eclipse.ui.navigator.resources,3.4.300.I20110421-1800,"org.eclipse.ui.navigator.resources",1321148998273
started,bundle,org.eclipse.ui.net,1.2.100.I20110511-0800,"org.eclipse.ui.net",1321148998273
started,bundle,org.eclipse.ui.views,3.6.0.I20110412-0800,"org.eclipse.ui.views",1321148998274
started,bundle,org.eclipse.ui.workbench,3.7.0.I20110519-0100,"org.eclipse.ui.workbench",1321148998274
started,bundle,org.eclipse.ui.workbench.texteditor,3.7.0.v20110505-0800,"org.eclipse.ui.workbench.texteditor",1321148998275
started,bundle,org.eclipse.update.configurator,3.3.100.v20100512,"org.eclipse.update.configurator",1321148998275
started,bundle,org.eclipse.update.core,3.2.500.v20110330,"org.eclipse.update.core",1321148998276
started,bundle,org.eclipse.update.scheduler,3.2.300.v20100512,"org.eclipse.update.scheduler",1321148998276
os,sysinfo,,,"linux",1321148998279
arch,sysinfo,,,"x86",1321148998279
ws,sysinfo,,,"gtk",1321148998279
locale,sysinfo,,,"pt_BR",1321148998279
processors,sysinfo,,,"2",1321148998279
java.runtime.name,sysinfo,,,"OpenJDK Runtime Environment",1321148998279
java.runtime.version,sysinfo,,,"1.6.0_23-b23",1321148998279
java.specification.name,sysinfo,,,"Java Platform API Specification",1321148998279
java.specification.vendor,sysinfo,,,"Sun Microsystems Inc.",1321148998279
java.specification.version,sysinfo,,,"1.6",1321148998279
java.vendor,sysinfo,,,"Sun Microsystems Inc.",1321148998279
java.version,sysinfo,,,"1.6.0_23",1321148998279
java.vm.info,sysinfo,,,"mixed mode, sharing",1321148998279
java.vm.name,sysinfo,,,"OpenJDK Client VM",1321148998279
java.vm.specification.name,sysinfo,,,"Java Virtual Machine Specification",1321148998279
java.vm.specification.vendor,sysinfo,,,"Sun Microsystems Inc.",1321148998279
java.vm.specification.version,sysinfo,,,"1.0",1321148998279
java.vm.vendor,sysinfo,,,"Sun Microsystems Inc.",1321148998279
java.vm.version,sysinfo,,,"20.0-b11",1321148998279
deactivated,workbench,org.eclipse.ui.workbench,3.7.0.I20110519-0100,"",1321148999168
opened,view,org.eclipse.ui.ide,3.7.0.v20110809-1737,"org.eclipse.ui.views.ProblemView",1321148999578
activated,workbench,org.eclipse.ui.workbench,3.7.0.I20110519-0100,"",1321149007064
deactivated,workbench,org.eclipse.ui.workbench,3.7.0.I20110519-0100,"",1321149007065
activated,workbench,org.eclipse.ui.workbench,3.7.0.I20110519-0100,"",1321149007207
deactivated,workbench,org.eclipse.ui.workbench,3.7.0.I20110519-0100,"",1321149010827
executed,command,org.eclipse.ui,3.7.0.I20110602-0100,"org.eclipse.ui.edit.paste",1321149016094
started,bundle,org.eclipse.compare.core,3.5.200.I20110208-0800,"org.eclipse.compare.core",1321149017321
started,bundle,org.eclipse.compare,3.5.201.R37x_v20110817-0800,"org.eclipse.compare",1321149017326
executed,command,org.eclipse.ui,3.7.0.I20110602-0100,"org.eclipse.ui.file.import",1321149061545
activated,workbench,org.eclipse.ui.workbench,3.7.0.I20110519-0100,"",1321149061555
deactivated,workbench,org.eclipse.ui.workbench,3.7.0.I20110519-0100,"",1321149063819
activated,workbench,org.eclipse.ui.workbench,3.7.0.I20110519-0100,"",1321149104359
deactivated,workbench,org.eclipse.ui.workbench,3.7.0.I20110519-0100,"",1321149107077
started,bundle,org.eclipse.jsch.ui,1.1.300.I20110511-0800,"org.eclipse.jsch.ui",1321149120988
executed,command,org.eclipse.ui,3.7.0.I20110602-0100,"org.eclipse.ui.edit.selectAll",1321149165541
executed,command,org.eclipse.ui,3.7.0.I20110602-0100,"org.eclipse.ui.edit.copy",1321149166103
executed,command,org.eclipse.ui,3.7.0.I20110602-0100,"org.eclipse.ui.window.preferences",1321149213956
activated,workbench,org.eclipse.ui.workbench,3.7.0.I20110519-0100,"",1321149213972
deactivated,workbench,org.eclipse.ui.workbench,3.7.0.I20110519-0100,"",1321149216271
activated,workbench,org.eclipse.ui.workbench,3.7.0.I20110519-0100,"",1321149223658
deactivated,workbench,org.eclipse.ui.workbench,3.7.0.I20110519-0100,"",1321149226308
executed,command,org.eclipse.ui,3.7.0.I20110602-0100,"org.eclipse.ui.window.preferences",1321149230909
activated,workbench,org.eclipse.ui.workbench,3.7.0.I20110519-0100,"",1321149230926
